,amon,brp,cac,Cadps,Fife,Liprin-alpha,Pdf,Rab27,Rab3,Rbp,RhoGAP100F,Rim,Snap25,Syb,Syt1,Syt12,Syt14,Syt4,Syt7,Sytalpha,Sytbeta,Syx13,Syx16,Syx17,Syx18,Syx4,Syx5,Syx6,Syx7,Syx8,unc-13,date,exp_time,Idents
20190309_CLK856_LD_ZT02_AR08_ACCAAC,94,24,20,40,36,6,2262,0,38,17,39,47,8,0,93,0,0,15,9,3,30,0,4,1,0,0,0,8,12,0,76,2019-03-09,ZT02,2:s_LNv
20190309_CLK856_LD_ZT02_AR08_ACGTGA,64,19,32,17,82,18,1524,0,77,31,81,57,6,0,105,0,1,34,19,7,105,0,5,0,0,1,2,2,4,0,84,2019-03-09,ZT02,2:s_LNv
20190309_CLK856_LD_ZT02_AR08_AGACAG,19,11,15,17,23,2,1255,0,23,13,3,43,8,0,36,0,1,17,4,5,30,0,0,1,0,0,1,1,0,0,50,2019-03-09,ZT02,2:s_LNv
20190309_CLK856_LD_ZT02_AR08_AGTGTC,128,17,33,22,32,11,1646,1,58,15,18,42,7,1,99,1,3,23,14,4,101,0,1,0,0,0,1,1,1,0,67,2019-03-09,ZT02,2:s_LNv
20190309_CLK856_LD_ZT02_AR08_CTGTAC,119,17,38,15,139,24,1826,0,61,21,36,74,9,0,136,0,2,39,9,14,131,0,1,3,0,2,0,3,1,0,131,2019-03-09,ZT02,2:s_LNv
20190309_CLK856_LD_ZT02_AR08_CTGTGA,16,4,5,1,6,3,327,0,4,5,10,11,2,0,15,0,0,4,7,0,10,0,0,0,0,1,0,0,0,0,35,2019-03-09,ZT02,2:s_LNv
20190309_CLK856_LD_ZT02_AR08_GACATG,25,6,12,3,9,1,1077,0,12,8,2,5,2,0,14,0,0,8,11,9,32,0,0,0,1,0,0,0,6,0,33,2019-03-09,ZT02,2:s_LNv
20190309_CLK856_LD_ZT02_AR08_GTCTTC,37,10,13,3,14,8,2285,0,13,9,16,62,4,0,40,0,0,21,11,5,22,0,0,8,0,0,1,0,0,0,25,2019-03-09,ZT02,2:s_LNv
20190309_CLK856_LD_ZT02_AR08_TCGACA,56,8,32,10,16,3,1371,0,19,14,31,32,2,0,65,0,0,10,12,14,15,0,5,1,0,1,1,6,0,0,51,2019-03-09,ZT02,2:s_LNv
20190309_CLK856_LD_ZT02_AR12_ACTCGA,93,10,14,3,17,6,1299,0,22,5,24,41,2,0,41,0,0,18,9,3,28,1,0,4,0,0,2,1,1,1,21,2019-03-09,ZT02,2:s_LNv
20190309_CLK856_LD_ZT02_AR12_CAGAAG,148,3,18,9,31,1,1581,0,64,14,43,76,3,0,77,0,4,45,10,7,75,0,0,0,1,0,0,1,0,0,46,2019-03-09,ZT02,2:s_LNv
20190309_CLK856_LD_ZT02_AR12_CTCAGA,10,7,5,6,6,0,1155,0,10,8,14,25,0,0,19,0,0,11,3,1,27,0,0,0,1,0,0,2,0,1,21,2019-03-09,ZT02,2:s_LNv
20190309_CLK856_LD_ZT02_AR12_GTACTC,44,14,24,7,5,6,1189,0,16,15,21,22,8,0,29,1,0,37,5,4,42,0,0,0,0,0,0,7,1,1,26,2019-03-09,ZT02,2:s_LNv
20190309_CLK856_LD_ZT02_AR12_GTCTAG,35,10,22,4,8,2,1268,1,26,12,16,34,3,0,60,0,0,18,9,10,35,0,0,0,1,0,0,2,5,2,42,2019-03-09,ZT02,2:s_LNv
20190309_CLK856_LD_ZT02_AR12_TCCTAG,64,4,20,10,36,8,1216,0,29,18,23,65,2,0,42,0,1,27,7,4,43,4,0,3,0,0,0,0,1,0,63,2019-03-09,ZT02,2:s_LNv
20181231_CLK856_LD_ZT02_AR03_AGACAG,29,2,15,10,27,4,1496,0,15,6,12,32,4,0,31,0,0,19,6,4,24,0,0,0,0,2,0,5,1,1,46,2018-12-31,ZT02,2:s_LNv
20181231_CLK856_LD_ZT02_AR03_GTACAG,51,16,10,6,2,7,1505,0,21,16,28,24,3,0,26,0,0,14,10,11,46,1,0,0,0,4,1,4,2,0,22,2018-12-31,ZT02,2:s_LNv
20181231_CLK856_LD_ZT02_AR03_TGTCAC,61,7,8,19,20,7,1590,0,11,6,24,22,1,1,45,1,2,17,5,3,36,0,1,0,0,0,2,3,0,0,63,2018-12-31,ZT02,2:s_LNv
20181231_CLK856_LD_ZT02_AR04_CATGCA,16,6,4,5,28,0,2364,0,7,9,0,20,6,0,17,0,0,28,6,3,21,0,0,0,1,0,0,1,1,0,22,2018-12-31,ZT02,25:l_LNv
20181231_CLK856_LD_ZT02_AR05_CAACTC,81,3,9,5,21,3,1698,0,19,18,25,22,1,1,37,0,0,12,4,1,38,1,1,0,0,0,2,1,0,1,60,2018-12-31,ZT02,2:s_LNv
20181231_CLK856_LD_ZT02_AR05_CACTCA,122,6,24,19,57,3,1390,0,43,11,24,20,2,0,33,0,0,14,2,2,51,0,0,0,0,1,2,5,1,3,46,2018-12-31,ZT02,2:s_LNv
20181231_CLK856_LD_ZT02_AR05_GATCTG,54,3,13,5,7,4,1345,0,6,3,6,6,5,0,19,0,0,17,0,0,1,1,0,0,0,3,0,4,0,0,12,2018-12-31,ZT02,2:s_LNv
20181231_CLK856_LD_ZT02_AR05_GTACAG,21,15,11,2,29,5,3373,0,11,6,20,17,4,0,21,0,0,26,8,2,29,0,2,1,0,4,0,1,4,0,47,2018-12-31,ZT02,25:l_LNv
20181231_CLK856_LD_ZT02_AR06_AGACAG,36,3,20,2,11,5,1588,0,15,3,2,19,2,0,28,0,0,15,12,2,1,0,0,0,0,1,6,1,1,1,27,2018-12-31,ZT02,2:s_LNv
20181231_CLK856_LD_ZT02_AR06_GTGATC,6,0,2,1,5,2,810,0,3,0,2,12,4,0,6,0,0,1,0,1,6,2,0,0,1,1,0,0,1,0,8,2018-12-31,ZT02,2:s_LNv
20181231_CLK856_LD_ZT02_AR06_TCACCA,67,9,32,13,24,5,1791,0,38,16,25,28,3,0,29,0,0,25,10,0,25,0,0,1,1,0,2,2,5,0,60,2018-12-31,ZT02,2:s_LNv
20181231_CLK856_LD_ZT02_AR06_TCGATC,43,20,52,9,46,6,2658,0,20,16,24,44,14,0,56,2,0,73,7,8,27,1,0,2,0,4,1,3,7,0,128,2018-12-31,ZT02,25:l_LNv
20190228_CLK856_LD_ZT06_AR02_CTAGTG,21,22,19,6,12,3,970,0,28,13,26,47,4,0,38,0,0,20,2,1,50,1,1,1,0,5,0,1,1,0,45,2019-02-28,ZT06,2:s_LNv
20190228_CLK856_LD_ZT06_AR02_CTGTAC,29,10,22,2,50,0,3300,1,22,13,9,21,33,0,60,2,0,53,2,5,54,1,2,0,0,1,7,3,2,0,58,2019-02-28,ZT06,25:l_LNv
20190228_CLK856_LD_ZT06_AR02_GATCGA,12,12,14,2,23,2,1208,0,7,10,23,13,2,0,7,0,1,13,2,2,21,1,0,0,1,1,0,2,0,0,45,2019-02-28,ZT06,25:l_LNv
20190228_CLK856_LD_ZT06_AR02_TCGATC,29,6,12,5,44,0,583,0,14,2,7,11,15,0,17,0,0,7,2,0,23,0,0,0,1,0,0,6,7,1,31,2019-02-28,ZT06,2:s_LNv
20190228_CLK856_LD_ZT06_AR02_TGGTAC,1,2,1,2,5,4,560,0,7,3,1,2,1,0,5,0,0,2,0,0,5,0,0,0,0,0,1,0,0,0,12,2019-02-28,ZT06,2:s_LNv
20190228_CLK856_LD_ZT06_AR04_ACCAGA,17,10,10,1,55,0,388,0,6,10,37,11,3,0,37,0,2,2,3,0,12,1,0,0,0,4,0,2,0,0,34,2019-02-28,ZT06,2:s_LNv
20190228_CLK856_LD_ZT06_AR04_GAAGGA,16,1,1,4,29,0,328,0,26,1,12,2,4,0,8,1,0,6,4,0,10,0,0,0,0,3,0,1,0,0,12,2019-02-28,ZT06,2:s_LNv
20190228_CLK856_LD_ZT06_AR04_GTCTTC,7,3,1,2,17,4,236,0,0,3,1,4,1,0,1,2,0,3,3,3,6,0,0,0,0,8,10,0,0,0,5,2019-02-28,ZT06,2:s_LNv
20190228_CLK856_LD_ZT06_AR04_TCACCA,1,0,4,0,20,0,309,0,0,0,6,0,1,0,2,0,0,7,3,0,0,0,0,0,0,3,0,0,0,0,3,2019-02-28,ZT06,2:s_LNv
20190228_CLK856_LD_ZT06_AR04_TCCTTC,19,7,8,9,38,1,497,0,10,9,11,25,9,0,15,0,0,14,2,5,22,1,0,0,0,5,1,1,1,0,38,2019-02-28,ZT06,2:s_LNv
20190228_CLK856_LD_ZT06_AR06_CACTTC,25,7,15,2,34,1,885,0,13,2,18,8,1,0,16,0,0,15,4,2,48,0,0,0,0,1,0,2,1,0,44,2019-02-28,ZT06,2:s_LNv
20190228_CLK856_LD_ZT06_AR06_CTGTTG,8,5,12,1,16,1,536,0,10,7,15,8,1,0,28,1,0,13,0,0,41,1,0,0,0,1,0,0,1,1,21,2019-02-28,ZT06,2:s_LNv
20190228_CLK856_LD_ZT06_AR06_GAAGGA,4,0,9,0,13,0,438,0,15,6,6,3,1,0,11,0,0,4,1,0,24,0,0,0,0,0,1,0,0,0,34,2019-02-28,ZT06,2:s_LNv
20190228_CLK856_LD_ZT06_AR06_TCTGAG,8,0,3,2,6,0,332,0,6,1,4,13,0,0,15,0,0,2,5,0,21,0,0,0,0,2,0,0,0,0,19,2019-02-28,ZT06,2:s_LNv
20190228_CLK856_LD_ZT06_AR06_TGCAGA,6,8,8,0,21,0,670,0,16,2,4,15,3,0,21,0,0,5,3,0,17,0,0,0,0,0,0,4,1,0,23,2019-02-28,ZT06,2:s_LNv
20190228_CLK856_LD_ZT06_AR06_TGTCTG,9,4,0,3,17,0,563,0,4,6,6,13,3,0,6,0,0,4,0,0,11,0,2,1,0,0,0,3,1,1,14,2019-02-28,ZT06,2:s_LNv
20190228_CLK856_LD_ZT06_AR08_AGTGCA,9,1,2,1,7,6,1827,0,9,4,2,14,2,0,12,0,1,17,3,3,15,1,0,0,0,2,0,1,0,0,16,2019-02-28,ZT06,25:l_LNv
20190228_CLK856_LD_ZT06_AR08_CTTCGA,24,17,13,3,59,1,581,0,15,10,21,45,2,0,23,0,3,11,6,1,42,1,0,0,0,3,0,1,1,0,36,2019-02-28,ZT06,2:s_LNv
20190228_CLK856_LD_ZT06_AR08_TCGACA,31,8,17,5,42,2,397,0,7,6,8,10,3,0,10,0,0,5,0,0,43,6,1,0,0,3,0,2,0,1,11,2019-02-28,ZT06,2:s_LNv
20190228_CLK856_LD_ZT06_AR08_TGAGGA,3,9,18,1,39,1,454,0,9,5,15,7,2,0,22,0,0,14,3,1,33,0,0,0,0,1,0,0,2,1,55,2019-02-28,ZT06,2:s_LNv
20190309_CLK856_LD_ZT06_AR03_ACGTTG,44,10,18,4,22,12,824,0,31,11,28,27,8,0,24,0,1,9,13,0,17,0,1,0,0,0,0,0,0,2,28,2019-03-09,ZT06,2:s_LNv
20190309_CLK856_LD_ZT06_AR03_AGACCA,48,19,26,13,65,8,3088,0,65,12,13,44,20,0,74,0,3,43,9,12,84,2,1,0,1,0,4,3,9,1,111,2019-03-09,ZT06,25:l_LNv
20190309_CLK856_LD_ZT06_AR03_AGTGTC,31,17,11,6,38,8,779,0,19,5,16,33,3,0,33,1,2,12,6,0,39,0,0,1,0,0,7,0,4,1,30,2019-03-09,ZT06,2:s_LNv
20190309_CLK856_LD_ZT06_AR03_GACATG,31,19,12,13,45,3,790,0,9,12,15,24,3,0,33,0,0,12,16,4,47,1,0,0,0,0,1,1,3,5,49,2019-03-09,ZT06,2:s_LNv
20190309_CLK856_LD_ZT06_AR03_GTCTAG,21,13,18,9,22,4,896,0,9,13,16,25,3,0,17,0,0,11,1,1,53,0,0,0,0,0,0,0,2,0,53,2019-03-09,ZT06,2:s_LNv
20190309_CLK856_LD_ZT06_AR03_TCCTAG,6,8,3,2,6,5,425,0,3,4,5,14,1,2,9,0,0,2,5,0,8,2,0,0,0,0,0,0,0,0,11,2019-03-09,ZT06,2:s_LNv
20190309_CLK856_LD_ZT06_AR03_TCTGCA,29,13,21,3,47,4,682,0,10,4,16,32,7,0,39,0,1,24,8,0,36,0,0,7,0,0,0,4,0,0,35,2019-03-09,ZT06,2:s_LNv
20190309_CLK856_LD_ZT06_AR04_ACTCTG,9,15,24,16,56,2,829,2,15,15,25,27,2,0,51,0,1,24,8,0,33,0,0,0,1,0,0,0,5,2,34,2019-03-09,ZT06,2:s_LNv
20190309_CLK856_LD_ZT06_AR04_AGGAAG,18,12,22,6,40,3,503,0,16,7,14,25,2,0,34,0,1,12,6,1,22,0,0,2,0,1,0,1,0,2,37,2019-03-09,ZT06,2:s_LNv
20190309_CLK856_LD_ZT06_AR04_CAACCA,43,11,21,10,40,1,1375,0,38,6,17,40,4,0,44,1,0,17,12,1,47,1,0,0,1,0,0,1,6,0,74,2019-03-09,ZT06,2:s_LNv
20190309_CLK856_LD_ZT06_AR04_CATGAG,14,3,17,7,18,0,663,1,19,4,18,23,13,0,31,0,0,23,3,0,20,1,1,0,0,0,0,1,4,0,14,2019-03-09,ZT06,2:s_LNv
20190309_CLK856_LD_ZT06_AR04_CTCAAC,44,13,27,2,63,5,1057,0,26,9,37,35,0,0,37,0,0,16,14,0,42,0,1,4,0,0,0,1,0,0,43,2019-03-09,ZT06,2:s_LNv
20190309_CLK856_LD_ZT06_AR04_CTTCGA,43,9,15,7,95,1,980,0,21,13,39,37,3,2,42,0,1,5,5,0,55,1,1,0,0,0,0,2,6,2,65,2019-03-09,ZT06,2:s_LNv
20190309_CLK856_LD_ZT06_AR04_GAAGTG,19,11,13,3,25,6,694,0,34,2,17,27,3,0,21,0,1,6,3,2,42,0,0,1,0,0,3,1,4,0,38,2019-03-09,ZT06,2:s_LNv
20190309_CLK856_LD_ZT06_AR04_GTGATC,11,6,13,10,41,2,586,0,5,9,19,9,1,0,25,0,0,17,0,0,32,0,0,3,1,0,5,1,0,1,35,2019-03-09,ZT06,2:s_LNv
20190309_CLK856_LD_ZT06_AR04_GTTGAG,31,29,51,5,53,10,1982,0,40,19,34,46,10,0,39,0,4,37,8,9,23,0,0,0,0,1,3,3,6,2,83,2019-03-09,ZT06,25:l_LNv
20190309_CLK856_LD_ZT06_AR04_TCCTCA,6,10,4,5,16,11,714,0,9,8,11,16,0,0,25,0,0,6,3,0,20,2,0,0,0,0,0,3,0,0,24,2019-03-09,ZT06,2:s_LNv
20190228_CLK856_LD_ZT10_AR01_ACAGAC,13,5,20,13,30,4,1097,0,20,18,9,34,8,1,25,0,0,18,8,3,36,0,1,0,0,1,0,0,3,0,50,2019-02-28,ZT10,2:s_LNv
20190228_CLK856_LD_ZT10_AR01_AGTGTC,8,0,2,2,11,1,483,0,1,3,5,26,1,0,12,0,0,3,2,1,7,0,0,0,0,0,0,2,0,1,24,2019-02-28,ZT10,2:s_LNv
20190228_CLK856_LD_ZT10_AR01_CAACTC,11,3,12,18,41,4,989,1,17,7,8,24,4,0,19,0,0,24,2,4,71,0,0,0,0,0,0,4,2,0,35,2019-02-28,ZT10,2:s_LNv
20190228_CLK856_LD_ZT10_AR01_GACAGA,12,4,6,3,16,3,462,0,7,3,1,10,2,0,11,0,0,7,7,0,5,0,0,0,0,0,0,0,0,0,15,2019-02-28,ZT10,2:s_LNv
20190228_CLK856_LD_ZT10_AR01_TCCTCA,25,2,12,1,3,0,971,0,12,4,16,20,1,0,19,0,0,15,4,0,56,2,0,0,1,1,0,3,3,0,33,2019-02-28,ZT10,2:s_LNv
20190228_CLK856_LD_ZT10_AR03_ACAGAC,36,16,22,14,80,3,1242,0,29,24,16,49,10,0,65,0,0,22,14,0,85,0,0,0,0,0,0,2,2,0,52,2019-02-28,ZT10,2:s_LNv
20190228_CLK856_LD_ZT10_AR03_ACGTAC,9,1,3,2,7,1,1134,0,4,3,1,7,3,0,13,0,0,9,1,2,7,0,2,1,0,0,0,2,0,3,7,2019-02-28,ZT10,25:l_LNv
20190228_CLK856_LD_ZT10_AR03_AGACCA,14,2,16,8,17,0,609,1,8,5,9,23,3,0,18,0,0,11,1,1,17,0,0,0,0,0,3,6,0,1,10,2019-02-28,ZT10,2:s_LNv
20190228_CLK856_LD_ZT10_AR03_AGCTTC,10,0,4,9,4,0,549,0,8,3,5,4,0,1,7,0,0,3,6,0,13,0,0,0,0,0,0,1,4,0,11,2019-02-28,ZT10,2:s_LNv
20190228_CLK856_LD_ZT10_AR03_CTCATG,50,6,33,9,122,2,1052,0,31,5,11,27,4,0,50,0,1,19,9,1,44,0,1,2,0,0,0,0,0,3,35,2019-02-28,ZT10,2:s_LNv
20190228_CLK856_LD_ZT10_AR03_GACAAC,11,10,25,15,75,11,1107,2,12,19,17,34,2,0,40,0,0,21,8,0,39,0,1,1,0,1,0,0,4,0,40,2019-02-28,ZT10,2:s_LNv
20190228_CLK856_LD_ZT10_AR03_GAGTAC,33,11,23,15,46,4,1069,0,43,7,17,39,9,0,40,0,0,26,2,5,31,0,2,0,0,0,3,3,6,0,65,2019-02-28,ZT10,2:s_LNv
20190228_CLK856_LD_ZT10_AR03_TGCAGA,13,16,26,14,65,7,833,0,27,5,7,16,2,0,23,0,2,7,5,6,25,0,1,0,0,0,1,2,4,0,29,2019-02-28,ZT10,2:s_LNv
20190228_CLK856_LD_ZT10_AR05_ACAGAC,6,1,1,11,10,3,899,0,15,16,3,12,0,0,7,0,0,12,7,0,20,0,0,0,1,0,1,2,0,1,10,2019-02-28,ZT10,2:s_LNv
20190228_CLK856_LD_ZT10_AR05_ACTCGA,6,20,17,11,22,1,698,1,19,11,16,26,7,0,28,0,0,21,12,1,34,0,0,3,0,0,0,3,1,1,31,2019-02-28,ZT10,2:s_LNv
20190228_CLK856_LD_ZT10_AR05_AGACAG,9,10,23,16,42,7,716,0,28,20,31,36,9,0,24,0,1,15,16,3,41,0,0,0,1,0,1,0,4,0,32,2019-02-28,ZT10,2:s_LNv
20190228_CLK856_LD_ZT10_AR05_GTACAG,27,5,30,14,37,4,776,0,21,10,24,27,8,0,24,0,0,19,0,2,57,3,0,2,0,0,1,2,0,0,48,2019-02-28,ZT10,2:s_LNv
20190228_CLK856_LD_ZT10_AR05_GTCTTC,20,6,7,6,22,1,733,0,13,6,7,24,4,0,24,0,0,5,8,1,32,0,0,1,0,0,0,4,1,0,12,2019-02-28,ZT10,2:s_LNv
20190228_CLK856_LD_ZT10_AR05_GTGACA,23,9,15,1,45,1,838,0,28,23,19,47,4,0,39,0,0,12,6,3,70,1,1,1,0,0,2,4,5,2,60,2019-02-28,ZT10,2:s_LNv
20190228_CLK856_LD_ZT10_AR05_GTTGAG,28,3,15,9,26,1,905,0,15,18,11,22,6,0,20,0,0,10,9,4,49,3,0,0,0,0,0,1,0,1,33,2019-02-28,ZT10,2:s_LNv
20190228_CLK856_LD_ZT10_AR05_TCTGTC,13,9,20,15,12,0,821,0,21,22,20,39,3,0,40,0,1,17,4,1,54,0,0,1,0,0,1,1,3,0,49,2019-02-28,ZT10,2:s_LNv
20190228_CLK856_LD_ZT10_AR05_TGGTTG,11,6,13,5,17,1,582,0,7,10,3,18,1,0,8,0,1,6,3,0,6,1,0,0,0,0,0,1,0,4,17,2019-02-28,ZT10,2:s_LNv
20190301_CLK856_LD_ZT10_AR01_AGCTCA,15,6,25,11,15,0,457,0,2,1,10,10,2,0,17,0,0,11,4,0,18,0,0,0,0,0,0,0,0,1,24,2019-03-01,ZT10,2:s_LNv
20190301_CLK856_LD_ZT10_AR01_CTAGTG,31,17,41,11,57,2,1395,1,49,17,34,45,1,0,66,0,0,21,9,4,104,1,0,2,0,1,3,2,2,0,47,2019-03-01,ZT10,2:s_LNv
20190301_CLK856_LD_ZT10_AR01_CTCAAC,5,4,16,11,12,4,668,0,12,4,5,13,4,0,20,0,0,7,6,1,12,0,0,0,0,1,0,2,3,3,27,2019-03-01,ZT10,2:s_LNv
20190301_CLK856_LD_ZT10_AR01_GTACCA,13,17,8,14,75,3,1051,0,21,9,21,36,7,3,23,0,1,36,9,1,82,0,0,0,0,1,0,5,1,4,54,2019-03-01,ZT10,2:s_LNv
20190301_CLK856_LD_ZT10_AR01_TCTGAG,3,0,3,1,7,1,361,0,4,3,2,4,4,0,5,0,0,6,4,0,20,0,0,0,0,0,0,0,0,0,16,2019-03-01,ZT10,2:s_LNv
20190301_CLK856_LD_ZT10_AR01_TGAGAC,19,8,27,7,22,9,861,0,32,5,16,26,5,0,27,0,0,15,6,4,48,0,0,0,0,0,0,1,0,3,30,2019-03-01,ZT10,2:s_LNv
20190309_CLK856_LD_ZT10_AR06_AGTGAG,40,27,26,28,42,16,2510,1,41,19,21,43,6,0,91,0,1,44,21,4,59,0,4,0,1,1,1,7,8,1,126,2019-03-09,ZT10,25:l_LNv
20190309_CLK856_LD_ZT10_AR06_AGTGCA,8,15,17,13,3,2,583,0,12,12,21,28,3,0,51,1,0,10,16,1,29,0,0,0,0,0,0,6,1,0,40,2019-03-09,ZT10,2:s_LNv
20190309_CLK856_LD_ZT10_AR06_CTTCGA,19,10,10,2,15,5,771,0,10,10,7,35,2,0,43,0,0,19,7,0,38,2,0,0,0,0,1,6,6,0,37,2019-03-09,ZT10,2:s_LNv
20190309_CLK856_LD_ZT10_AR06_GTCTCA,15,16,24,21,11,3,1273,3,29,13,21,46,3,0,51,0,0,17,9,0,69,0,1,0,0,0,0,1,3,1,52,2019-03-09,ZT10,2:s_LNv
20190309_CLK856_LD_ZT10_AR07_ACCATG,45,31,33,20,55,22,1153,2,70,23,31,103,10,0,134,0,0,41,24,0,118,1,0,0,0,0,2,2,3,1,122,2019-03-09,ZT10,2:s_LNv
20190309_CLK856_LD_ZT10_AR07_ACTCGA,14,6,19,7,89,0,482,0,38,5,18,29,3,0,49,1,0,10,9,0,9,0,0,0,0,0,0,2,3,0,23,2019-03-09,ZT10,2:s_LNv
20190309_CLK856_LD_ZT10_AR07_AGGAAG,22,20,20,8,31,0,711,0,25,18,16,49,10,0,62,0,0,13,12,0,73,2,1,0,0,6,1,1,4,0,56,2019-03-09,ZT10,2:s_LNv
20190309_CLK856_LD_ZT10_AR07_CAGAAG,20,4,10,8,48,3,715,0,15,21,7,40,8,0,48,1,0,3,6,0,23,2,0,0,0,0,0,6,5,1,49,2019-03-09,ZT10,2:s_LNv
20190309_CLK856_LD_ZT10_AR07_CTAGAC,71,37,28,18,102,22,3463,1,66,45,31,72,28,0,221,0,5,88,22,23,76,1,0,4,0,0,2,8,14,2,176,2019-03-09,ZT10,25:l_LNv
20190309_CLK856_LD_ZT10_AR07_TCTGCA,9,3,4,5,8,1,686,0,5,14,9,11,4,0,33,0,0,8,8,0,14,1,0,0,0,0,0,1,5,0,14,2019-03-09,ZT10,2:s_LNv
20181215_CLK856_LD_ZT14_AR07_AGACCA,5,1,15,2,8,1,401,0,9,5,5,25,2,0,56,0,0,18,8,1,20,0,0,0,0,13,0,7,2,1,21,2018-12-15,ZT14,2:s_LNv
20181215_CLK856_LD_ZT14_AR07_CAACAG,7,11,18,6,13,0,730,0,14,8,3,22,0,0,26,2,0,31,6,1,12,0,1,0,0,4,1,12,2,0,19,2018-12-15,ZT14,2:s_LNv
20181215_CLK856_LD_ZT14_AR07_CAACCA,8,6,13,3,35,2,624,0,7,7,3,39,2,0,9,1,0,8,1,0,3,0,1,0,0,10,1,4,0,2,19,2018-12-15,ZT14,2:s_LNv
20181215_CLK856_LD_ZT14_AR07_CAGATC,15,19,25,3,6,16,1265,0,17,8,13,44,1,0,30,2,0,24,3,2,11,2,0,0,1,21,1,1,1,1,24,2018-12-15,ZT14,25:l_LNv
20181215_CLK856_LD_ZT14_AR07_GATCTG,4,7,18,4,14,1,386,0,6,4,4,17,1,0,19,1,1,14,1,1,12,0,0,1,0,7,0,0,3,0,21,2018-12-15,ZT14,2:s_LNv
20181215_CLK856_LD_ZT14_AR08_ACCAAC,5,17,32,8,54,4,716,2,13,6,8,45,2,0,31,0,0,36,10,3,31,0,0,0,2,9,0,1,2,0,45,2018-12-15,ZT14,2:s_LNv
20181215_CLK856_LD_ZT14_AR08_CAACTC,3,3,6,2,3,2,642,0,13,1,3,15,0,0,2,1,0,10,3,0,4,1,0,0,0,3,1,4,0,0,21,2018-12-15,ZT14,2:s_LNv
20181215_CLK856_LD_ZT14_AR08_CTCATG,1,8,18,6,18,3,600,0,13,11,19,31,1,0,36,0,1,22,5,0,13,1,1,0,0,6,0,7,5,0,29,2018-12-15,ZT14,2:s_LNv
20181215_CLK856_LD_ZT14_AR08_GTTGAG,20,11,28,8,19,10,2121,0,21,6,19,37,4,0,39,2,0,29,6,4,38,3,0,0,0,8,1,11,2,3,47,2018-12-15,ZT14,25:l_LNv
20181215_CLK856_LD_ZT14_AR08_TGGTTG,4,8,10,3,15,2,1548,0,10,6,5,25,2,0,10,0,1,18,0,0,5,2,0,2,0,4,2,3,2,1,42,2018-12-15,ZT14,25:l_LNv
20181231_CLK856_LD_ZT14_AR01_ACCAGA,5,0,10,0,3,0,497,0,4,0,3,3,0,0,7,0,0,13,3,0,1,0,0,0,0,0,0,1,2,0,11,2018-12-31,ZT14,25:l_LNv
20181231_CLK856_LD_ZT14_AR01_ACGTGA,1,10,25,5,22,5,968,0,8,8,25,27,8,0,25,0,1,15,12,1,5,0,0,0,0,0,0,2,1,1,41,2018-12-31,ZT14,2:s_LNv
20181231_CLK856_LD_ZT14_AR01_CTCAGA,2,16,11,5,8,1,1138,0,6,7,15,20,3,0,16,1,0,17,3,0,4,0,1,0,0,2,1,1,1,3,75,2018-12-31,ZT14,2:s_LNv
20181231_CLK856_LD_ZT14_AR01_CTGTTG,2,13,17,11,12,2,917,0,12,12,13,35,4,0,25,0,4,15,8,0,3,0,0,0,1,6,0,3,1,0,68,2018-12-31,ZT14,2:s_LNv
20181231_CLK856_LD_ZT14_AR01_GTACAG,18,19,13,9,15,0,773,0,11,8,13,25,1,0,30,0,0,11,6,4,14,0,0,1,0,0,0,3,2,0,53,2018-12-31,ZT14,2:s_LNv
20181231_CLK856_LD_ZT14_AR01_GTACTC,0,10,14,9,7,3,898,0,14,8,12,12,4,0,19,0,0,7,10,0,10,0,0,1,0,0,0,0,0,0,49,2018-12-31,ZT14,2:s_LNv
20181231_CLK856_LD_ZT14_AR01_TCTGAG,6,5,34,7,18,0,874,0,6,7,11,27,2,1,18,0,3,17,15,4,10,2,0,0,0,5,0,2,3,1,33,2018-12-31,ZT14,2:s_LNv
20181231_CLK856_LD_ZT14_AR01_TGAGTG,5,14,20,5,22,8,733,0,6,10,34,38,1,0,27,0,0,31,6,1,24,0,2,0,0,2,0,2,3,0,62,2018-12-31,ZT14,2:s_LNv
20181231_CLK856_LD_ZT14_AR01_TGCAAC,3,5,7,6,2,2,1073,0,2,2,3,8,3,0,14,0,0,6,3,0,28,0,2,0,0,0,0,0,1,2,12,2018-12-31,ZT14,2:s_LNv
20181231_CLK856_LD_ZT14_AR01_TGTCGA,1,4,9,10,4,3,731,0,1,8,6,11,2,0,17,0,0,7,7,2,5,0,1,0,0,0,0,1,2,0,20,2018-12-31,ZT14,25:l_LNv
20181231_CLK856_LD_ZT14_AR02_ACCAGA,2,4,4,5,8,2,970,0,5,4,2,7,2,0,9,0,1,6,6,0,11,0,0,1,1,1,4,2,1,0,11,2018-12-31,ZT14,25:l_LNv
20181231_CLK856_LD_ZT14_AR02_CATGTC,1,9,6,10,3,2,896,0,7,5,6,14,3,0,9,0,0,6,8,0,1,0,1,0,1,1,0,0,6,0,17,2018-12-31,ZT14,2:s_LNv
20181231_CLK856_LD_ZT14_AR02_CTAGTG,7,12,30,6,22,5,1326,0,6,30,12,24,4,0,20,0,0,17,3,0,23,0,0,1,0,2,0,1,2,0,50,2018-12-31,ZT14,2:s_LNv
20181231_CLK856_LD_ZT14_AR02_GAAGAC,3,9,15,6,4,7,775,0,2,6,9,22,2,0,11,0,0,7,2,3,5,1,0,0,0,4,1,1,2,0,28,2018-12-31,ZT14,2:s_LNv
20181231_CLK856_LD_ZT14_AR02_GACAGA,1,6,7,4,3,2,923,0,4,7,6,5,0,0,8,0,1,6,5,0,5,0,1,0,0,1,0,3,3,0,29,2018-12-31,ZT14,2:s_LNv
20181231_CLK856_LD_ZT14_AR02_GAGTTG,4,3,6,0,8,3,471,0,5,2,5,6,1,0,6,0,0,6,6,0,6,0,0,0,0,1,1,3,4,0,17,2018-12-31,ZT14,2:s_LNv
20181231_CLK856_LD_ZT14_AR02_TGTCAC,48,17,21,11,7,10,3787,0,61,17,18,23,10,0,62,1,2,81,18,8,86,7,2,1,2,5,2,3,15,2,86,2018-12-31,ZT14,25:l_LNv
20181231_CLK856_LD_ZT14_AR02_TGTCGA,19,4,11,9,9,4,3343,1,20,4,11,16,7,0,23,0,1,44,4,6,36,3,4,0,0,3,1,2,5,3,39,2018-12-31,ZT14,25:l_LNv
20181231_CLK856_LD_ZT14_AR07_ACGTTG,2,5,13,7,12,1,912,0,11,5,9,25,1,0,11,0,1,15,7,0,9,0,0,0,0,0,0,1,1,0,17,2018-12-31,ZT14,2:s_LNv
20181231_CLK856_LD_ZT14_AR07_ACTCAC,3,4,14,2,24,3,1333,0,6,5,2,19,7,0,18,0,0,12,4,0,2,0,1,1,1,0,0,2,0,0,25,2018-12-31,ZT14,2:s_LNv
20181231_CLK856_LD_ZT14_AR07_ACTCGA,1,0,6,5,23,2,626,0,10,5,9,9,0,0,10,0,0,4,0,0,4,0,2,0,0,0,0,0,2,1,12,2018-12-31,ZT14,2:s_LNv
20181231_CLK856_LD_ZT14_AR07_AGTGAG,1,1,12,3,3,0,540,0,3,6,10,8,2,0,3,0,0,2,1,0,7,1,0,0,0,0,0,0,0,1,10,2018-12-31,ZT14,2:s_LNv
20181231_CLK856_LD_ZT14_AR07_CAACCA,12,5,16,11,17,3,1180,1,12,19,14,27,6,0,23,0,0,30,6,0,20,0,0,0,0,0,0,2,2,0,47,2018-12-31,ZT14,2:s_LNv
20181231_CLK856_LD_ZT14_AR07_GTACTC,0,13,19,10,6,4,738,0,8,12,17,8,5,0,30,0,4,13,8,0,4,0,0,0,0,0,3,0,3,0,48,2018-12-31,ZT14,2:s_LNv
20181231_CLK856_LD_ZT14_AR07_TCGACA,4,3,7,3,7,5,834,0,7,6,2,17,1,0,16,0,0,10,2,0,12,0,0,1,0,0,0,0,0,0,20,2018-12-31,ZT14,2:s_LNv
20181231_CLK856_LD_ZT14_AR08_ACAGAC,6,10,28,24,13,8,1312,0,16,16,20,17,4,0,36,0,0,28,10,0,7,2,1,2,0,4,0,6,1,0,47,2018-12-31,ZT14,2:s_LNv
20181231_CLK856_LD_ZT14_AR08_ACTCAC,5,9,12,8,8,1,801,0,16,13,7,15,6,0,14,1,0,7,4,0,5,0,0,0,0,1,0,3,3,1,25,2018-12-31,ZT14,2:s_LNv
20181231_CLK856_LD_ZT14_AR08_AGTGCA,17,7,17,8,13,7,3580,0,25,8,4,24,14,0,38,0,1,41,11,5,37,1,1,1,1,0,3,0,14,0,68,2018-12-31,ZT14,25:l_LNv
20181231_CLK856_LD_ZT14_AR08_CTTCAC,3,13,25,14,25,8,1404,0,13,16,10,38,6,0,32,0,0,36,22,0,7,2,2,0,0,4,1,7,3,3,60,2018-12-31,ZT14,2:s_LNv
20181231_CLK856_LD_ZT14_AR08_GACATG,10,14,21,12,20,10,979,0,11,9,9,31,8,0,18,0,1,16,4,0,7,0,0,0,0,2,4,2,5,0,46,2018-12-31,ZT14,2:s_LNv
20181231_CLK856_LD_ZT14_AR08_GATCAC,1,1,9,1,6,1,726,0,0,2,2,7,2,0,11,0,0,3,0,0,0,0,0,0,0,0,0,0,1,0,7,2018-12-31,ZT14,2:s_LNv
20181231_CLK856_LD_ZT14_AR08_GTACCA,1,5,23,4,10,0,1398,0,14,11,24,28,4,0,17,0,0,23,7,1,5,1,0,0,1,2,0,0,4,3,49,2018-12-31,ZT14,2:s_LNv
20181231_CLK856_LD_ZT14_AR08_GTCTCA,1,2,10,3,1,0,1005,1,7,5,3,5,1,0,7,0,0,5,1,1,2,0,0,0,0,2,5,0,0,1,14,2018-12-31,ZT14,2:s_LNv
20181231_CLK856_LD_ZT14_AR08_TCACCA,2,2,9,2,3,0,925,0,3,2,4,8,4,0,21,0,0,12,4,0,2,0,0,0,1,2,0,1,2,0,8,2018-12-31,ZT14,2:s_LNv
20181231_CLK856_LD_ZT14_AR08_TCCTAG,4,4,14,7,18,2,1228,0,9,9,14,7,12,0,26,0,0,20,4,1,4,0,0,0,0,4,0,4,15,0,36,2018-12-31,ZT14,2:s_LNv
20181231_CLK856_LD_ZT14_AR08_TCGATC,1,4,10,3,11,0,829,0,2,2,15,3,4,0,9,0,0,3,6,0,0,0,0,0,0,0,0,1,3,0,26,2018-12-31,ZT14,2:s_LNv
20181231_CLK856_LD_ZT14_AR08_TCTGCA,14,10,21,17,27,7,1226,1,11,10,18,27,8,1,38,0,1,14,11,0,10,0,0,0,0,5,0,3,3,2,46,2018-12-31,ZT14,2:s_LNv
20181231_CLK856_LD_ZT14_AR08_TCTGTC,5,9,32,4,21,4,1412,0,10,4,7,10,3,0,26,1,0,13,2,1,17,0,1,0,0,1,1,1,3,0,36,2018-12-31,ZT14,2:s_LNv
20181231_CLK856_LD_ZT14_AR08_TGGTTG,2,1,10,0,3,1,319,0,7,5,11,8,3,0,6,2,0,0,7,0,2,0,0,1,0,0,0,1,4,0,11,2018-12-31,ZT14,2:s_LNv
20190228_CLK856_LD_ZT18_AR07_ACTCGA,1,2,6,4,12,0,259,0,1,5,5,4,3,0,8,0,0,4,0,0,0,0,0,0,0,0,0,0,0,0,28,2019-02-28,ZT18,2:s_LNv
20190228_CLK856_LD_ZT18_AR07_CATGTC,0,0,1,0,5,0,153,0,1,0,0,1,1,0,4,0,0,0,0,0,0,0,0,0,0,1,0,0,0,0,8,2019-02-28,ZT18,2:s_LNv
20190228_CLK856_LD_ZT18_AR07_GAGTAC,6,7,21,19,9,0,324,1,1,6,9,7,3,0,15,2,0,8,8,0,0,0,0,0,0,3,0,0,0,0,21,2019-02-28,ZT18,2:s_LNv
20190228_CLK856_LD_ZT18_AR07_GAGTGA,3,3,3,4,1,1,150,0,1,0,0,0,0,0,8,0,0,8,0,0,0,0,0,0,0,2,0,0,3,0,3,2019-02-28,ZT18,2:s_LNv
20190228_CLK856_LD_ZT18_AR07_TCACAG,0,0,7,7,15,0,174,0,0,6,2,6,5,0,10,0,0,3,2,0,2,0,0,0,0,0,0,0,0,1,12,2019-02-28,ZT18,2:s_LNv
20190228_CLK856_LD_ZT18_AR07_TCACCA,2,5,24,10,19,0,376,0,7,12,2,10,4,0,19,1,0,10,0,0,9,0,0,0,0,0,0,1,4,0,11,2019-02-28,ZT18,2:s_LNv
20190228_CLK856_LD_ZT18_AR07_TCCTCA,0,5,12,2,14,8,409,0,10,3,18,9,4,0,13,0,0,6,3,0,3,1,0,0,1,0,0,0,0,0,42,2019-02-28,ZT18,2:s_LNv
20190228_CLK856_LD_ZT18_AR07_TCTGCA,1,10,8,1,12,2,336,0,4,1,16,12,4,0,7,0,0,6,1,0,5,2,0,0,0,0,0,0,0,0,16,2019-02-28,ZT18,2:s_LNv
20190228_CLK856_LD_ZT18_AR07_TGCAGA,2,2,0,1,4,0,1668,0,4,2,0,9,9,0,3,0,0,8,4,5,10,0,0,0,0,4,0,0,2,0,9,2019-02-28,ZT18,25:l_LNv
20190228_CLK856_LD_ZT18_AR07_TGGTAC,11,4,15,5,8,1,438,0,13,4,5,4,3,0,23,1,0,5,6,0,2,0,0,0,0,1,0,0,0,0,35,2019-02-28,ZT18,2:s_LNv
20190301_CLK856_LD_ZT18_AR02_AGGACA,15,13,9,21,10,3,224,1,17,14,5,28,8,0,88,1,0,12,12,6,3,0,1,0,0,1,2,2,0,1,73,2019-03-01,ZT18,25:l_LNv
20190301_CLK856_LD_ZT18_AR02_AGTGTC,26,40,55,32,27,5,1095,1,55,33,22,70,30,0,189,2,0,24,35,2,14,2,0,2,1,3,3,9,8,3,180,2019-03-01,ZT18,2:s_LNv
20190301_CLK856_LD_ZT18_AR02_CAGACA,14,30,16,28,13,4,1182,1,24,16,20,37,15,1,127,0,0,12,17,0,11,2,1,1,0,0,2,1,1,0,86,2019-03-01,ZT18,2:s_LNv
20190301_CLK856_LD_ZT18_AR02_CAGATC,16,16,31,21,14,3,918,1,20,28,14,28,18,0,109,0,0,15,10,0,7,2,11,1,1,0,2,5,1,0,104,2019-03-01,ZT18,2:s_LNv
20190301_CLK856_LD_ZT18_AR02_CTAGTG,19,27,28,34,23,5,1091,0,50,24,40,71,25,1,129,0,0,19,18,1,16,1,0,2,0,0,1,6,0,0,129,2019-03-01,ZT18,2:s_LNv
20190301_CLK856_LD_ZT18_AR02_GAAGAC,5,4,5,6,14,0,236,0,5,9,2,5,4,0,28,0,0,6,3,0,3,0,0,0,0,0,0,0,0,0,24,2019-03-01,ZT18,25:l_LNv
20190301_CLK856_LD_ZT18_AR02_TGAGGA,0,1,5,9,6,1,270,0,10,1,3,21,8,0,26,0,0,3,3,1,1,0,0,0,0,1,0,0,5,0,31,2019-03-01,ZT18,25:l_LNv
20190301_CLK856_LD_ZT18_AR03_ACCAAC,7,20,40,33,30,5,925,0,44,30,13,32,26,0,98,0,0,31,41,3,4,5,3,1,0,1,7,5,3,1,120,2019-03-01,ZT18,2:s_LNv
20190301_CLK856_LD_ZT18_AR03_CTAGGA,38,37,51,31,31,12,998,0,38,26,30,46,26,0,125,0,0,17,28,4,11,2,0,2,1,0,3,8,3,1,140,2019-03-01,ZT18,2:s_LNv
20190301_CLK856_LD_ZT18_AR06_AGGACA,18,3,12,4,12,6,403,2,15,11,13,2,6,0,19,0,0,4,0,0,14,1,3,1,0,0,0,0,0,0,35,2019-03-01,ZT18,2:s_LNv
20190301_CLK856_LD_ZT18_AR06_CAGACA,3,2,5,1,20,3,3001,1,14,5,3,5,17,0,6,0,0,1,0,2,20,1,0,0,0,1,0,1,0,0,75,2019-03-01,ZT18,25:l_LNv
20190301_CLK856_LD_ZT18_AR06_TCCTTC,0,4,18,5,12,2,686,0,14,0,17,3,6,0,29,0,0,5,6,0,0,4,0,0,0,6,1,0,5,0,30,2019-03-01,ZT18,2:s_LNv
20190301_CLK856_LD_ZT18_AR07_TCACAG,4,4,13,2,9,0,429,0,3,2,6,11,4,0,2,0,0,5,7,0,1,0,0,0,0,0,0,0,0,0,24,2019-03-01,ZT18,2:s_LNv
20190301_CLK856_LD_ZT18_AR12_ACGTAC,1,6,24,1,3,2,448,2,2,15,2,4,2,0,19,0,0,10,6,0,1,0,0,0,0,0,0,6,4,0,22,2019-03-01,ZT18,2:s_LNv
20190301_CLK856_LD_ZT18_AR12_CTTCGA,26,10,11,5,16,10,3553,0,23,7,2,5,1,0,18,0,0,35,4,1,38,2,0,1,0,0,2,2,1,3,52,2019-03-01,ZT18,25:l_LNv
20190301_CLK856_LD_ZT18_AR12_GTACAG,1,6,13,7,9,11,758,0,1,4,2,18,1,0,12,0,6,7,4,0,0,0,0,0,0,0,0,0,0,0,33,2019-03-01,ZT18,2:s_LNv
20190301_CLK856_LD_ZT18_AR12_TCTGCA,0,2,11,0,6,3,787,0,3,2,10,4,4,0,17,0,0,7,3,0,0,0,2,0,0,0,0,0,1,2,7,2019-03-01,ZT18,2:s_LNv
20190219_CLK856_LD_ZT22_AR04_ACAGTG,9,12,12,5,26,1,723,0,23,11,7,10,3,0,24,0,0,4,6,0,3,1,2,0,1,2,0,3,0,0,29,2019-02-19,ZT22,2:s_LNv
20190219_CLK856_LD_ZT22_AR04_AGCTCA,2,8,30,23,10,2,647,0,8,11,15,16,6,0,70,0,0,12,6,0,3,0,0,0,0,0,2,2,4,3,36,2019-02-19,ZT22,2:s_LNv
20190219_CLK856_LD_ZT22_AR04_CACTTC,13,8,20,6,48,3,791,0,15,5,16,13,2,0,47,0,0,13,4,0,8,1,0,0,0,1,0,3,4,1,40,2019-02-19,ZT22,2:s_LNv
20190219_CLK856_LD_ZT22_AR04_CTCAGA,1,3,7,7,25,1,582,0,5,3,0,11,0,0,21,1,0,1,1,0,16,0,0,0,0,2,0,0,1,1,19,2019-02-19,ZT22,2:s_LNv
20190219_CLK856_LD_ZT22_AR04_GTCTAG,1,1,3,2,3,1,50,0,0,2,3,3,1,0,5,0,0,2,1,0,1,0,0,0,0,0,0,0,0,0,9,2019-02-19,ZT22,25:l_LNv
20190219_CLK856_LD_ZT22_AR04_GTTGCA,1,6,11,6,17,0,455,0,5,4,6,6,1,2,17,1,0,2,5,0,0,0,0,0,0,0,1,1,1,1,16,2019-02-19,ZT22,25:l_LNv
20190219_CLK856_LD_ZT22_AR04_TCCTTC,8,8,20,17,35,1,669,0,5,6,15,11,4,1,30,1,0,6,24,0,3,2,0,0,0,4,0,2,1,0,50,2019-02-19,ZT22,2:s_LNv
20190219_CLK856_LD_ZT22_AR04_TCTGCA,6,8,9,4,24,2,385,1,5,10,10,0,3,0,29,0,0,4,2,1,4,0,0,0,0,1,0,1,0,0,12,2019-02-19,ZT22,2:s_LNv
20190219_CLK856_LD_ZT22_AR07_AGACAG,0,3,2,0,1,0,266,0,0,0,1,0,0,0,3,0,0,1,0,0,0,0,0,0,0,0,0,1,0,0,5,2019-02-19,ZT22,2:s_LNv
20190219_CLK856_LD_ZT22_AR07_CAGATC,0,3,4,1,4,1,258,0,1,0,5,0,0,0,4,0,0,0,1,0,0,0,0,0,0,0,0,0,0,0,1,2019-02-19,ZT22,2:s_LNv
20190219_CLK856_LD_ZT22_AR07_TGCAGA,0,4,17,4,6,2,599,0,11,6,9,24,2,0,15,1,1,10,5,0,1,1,0,0,1,0,0,2,0,0,31,2019-02-19,ZT22,2:s_LNv
20190219_CLK856_LD_ZT22_AR07_TGTCGA,1,4,9,2,3,0,539,0,7,5,6,8,1,0,16,0,1,7,1,0,7,0,0,0,0,0,0,1,0,0,26,2019-02-19,ZT22,2:s_LNv
20190219_CLK856_LD_ZT22_AR12_ACGTTG,7,1,8,4,2,2,786,0,6,3,3,11,4,0,26,0,0,1,2,1,2,0,0,0,0,0,2,3,2,0,21,2019-02-19,ZT22,2:s_LNv
20190219_CLK856_LD_ZT22_AR12_AGTGTC,13,15,21,9,16,4,1005,0,23,12,11,23,9,0,75,0,0,9,13,1,4,0,2,0,1,3,0,3,4,0,63,2019-02-19,ZT22,2:s_LNv
20190219_CLK856_LD_ZT22_AR12_CTGTGA,5,5,13,14,18,2,930,0,7,4,13,17,3,0,46,1,0,8,3,0,3,1,0,0,0,1,1,5,0,0,22,2019-02-19,ZT22,2:s_LNv
20190219_CLK856_LD_ZT22_AR12_GTACTC,15,19,16,14,18,7,1036,0,11,22,28,26,8,0,69,1,0,22,6,0,6,0,0,2,0,0,0,2,4,1,57,2019-02-19,ZT22,2:s_LNv
20190228_CLK856_LD_ZT22_AR012_TCCTTC,0,2,1,8,8,0,303,0,1,6,0,5,5,0,0,0,0,0,0,0,0,0,0,0,0,2,0,0,0,0,8,2019-02-28,ZT22,2:s_LNv
20190228_CLK856_LD_ZT22_AR012_TGCAAC,13,0,8,0,16,0,238,0,8,0,6,1,0,0,6,0,0,4,1,0,0,0,0,0,0,0,0,1,0,0,15,2019-02-28,ZT22,2:s_LNv
20190309_CLK856_LD_ZT22_AR01_ACAGTG,13,13,17,26,30,11,1242,0,27,23,18,42,2,0,58,0,0,24,6,0,4,0,0,1,1,0,0,2,2,0,42,2019-03-09,ZT22,2:s_LNv
20190309_CLK856_LD_ZT22_AR01_CAACTC,8,21,28,19,18,6,1548,1,16,17,10,29,10,0,67,0,1,17,11,1,1,0,1,0,1,1,1,0,2,0,78,2019-03-09,ZT22,2:s_LNv
20190309_CLK856_LD_ZT22_AR01_GTACAG,9,16,13,15,33,4,1281,0,19,8,22,34,4,0,33,0,0,26,5,0,0,0,0,0,0,0,0,2,0,1,55,2019-03-09,ZT22,2:s_LNv
20190309_CLK856_LD_ZT22_AR01_TCCTCA,3,6,16,7,19,2,268,1,5,6,2,16,1,1,37,0,0,15,0,1,5,0,1,1,0,0,0,5,1,0,26,2019-03-09,ZT22,2:s_LNv
20190309_CLK856_LD_ZT22_AR01_TCGAAG,11,3,10,11,17,6,690,2,8,8,8,10,2,0,16,0,0,7,1,0,1,0,0,3,0,0,0,0,2,0,37,2019-03-09,ZT22,2:s_LNv
20190309_CLK856_LD_ZT22_AR01_TGCAAC,16,6,30,8,13,11,927,0,13,7,12,13,5,0,26,0,0,16,11,0,2,0,0,0,0,0,0,1,1,0,71,2019-03-09,ZT22,2:s_LNv
20190309_CLK856_LD_ZT22_AR01_TGGTAC,13,13,32,8,13,5,1358,0,18,22,15,19,9,0,39,0,0,24,13,2,7,0,1,1,0,1,3,0,1,0,43,2019-03-09,ZT22,2:s_LNv
20190309_CLK856_LD_ZT22_AR02_ACGTAC,5,1,17,19,28,2,1295,0,9,17,22,16,8,0,25,0,0,14,10,0,12,0,0,1,0,0,0,4,0,0,19,2019-03-09,ZT22,2:s_LNv
20190309_CLK856_LD_ZT22_AR02_ACTCAC,0,2,4,14,10,6,1400,0,10,6,4,15,0,1,29,0,0,11,12,0,2,2,0,0,0,0,1,1,0,2,19,2019-03-09,ZT22,2:s_LNv
20190309_CLK856_LD_ZT22_AR02_ACTCTG,5,23,37,15,14,27,1630,0,25,26,27,23,4,0,55,0,1,9,12,5,21,0,1,0,0,0,0,1,2,1,46,2019-03-09,ZT22,25:l_LNv
20190309_CLK856_LD_ZT22_AR02_AGGAAG,10,8,13,5,10,6,874,0,19,14,13,20,0,0,31,0,0,17,9,0,0,3,0,1,0,0,2,4,0,0,53,2019-03-09,ZT22,2:s_LNv
20190309_CLK856_LD_ZT22_AR02_AGGACA,4,4,17,13,7,0,627,0,13,14,19,6,0,0,17,0,0,10,9,0,4,0,0,1,0,0,0,0,1,1,36,2019-03-09,ZT22,2:s_LNv
20190309_CLK856_LD_ZT22_AR02_GACATG,6,4,8,8,19,2,981,0,17,5,13,16,8,0,27,0,0,7,5,1,5,1,0,1,0,0,0,5,0,0,37,2019-03-09,ZT22,2:s_LNv
20190309_CLK856_LD_ZT22_AR02_TCACTC,19,16,14,14,6,7,3511,0,29,8,7,23,7,0,66,0,0,33,17,3,47,4,1,2,0,0,4,7,4,1,80,2019-03-09,ZT22,25:l_LNv
20190309_CLK856_LD_ZT22_AR02_TCGACA,14,8,10,24,8,1,843,0,12,14,2,18,4,0,18,0,0,4,4,1,3,0,0,3,0,0,0,1,0,0,47,2019-03-09,ZT22,2:s_LNv
